id	name
2403	Shelly
2975	Nelle
6412	Ginger
8704	Sydnee
2062	Raphael
9292	Jaden
6350	Kevin
9414	Andrew
7002	Emily
6179	Dennis
5197	Ori
9415	Quincy
2417	Eric
3026	Bruno
6734	Uriah
6963	Marvin
3077	Sade
9595	Bree
2424	Barclay
1455	Irma
6321	Kellie
7704	Austin
3017	Meghan
8114	Martena
3116	Isadora
5170	Laura
2617	Ignatius
4180	Martha
1768	Iris
7569	Castor
5677	Louis
6958	Conan
3444	Ivy
3977	Leigh
4817	Serena
2689	Derek
8653	Brock
3068	Zelda
6823	Shea
5475	Cain
2125	Myra
5267	Akeem
5576	Walter
2232	Amal
1380	Callie
5387	Zeph
2747	Guy
6347	Sage
4684	Forrest
9124	Upton
9929	Kelsie
4959	Lee
6654	Astra
4290	Hasad
5987	Caesar
2936	Patience
1459	Alice
1923	Aimee
9622	Kirby
8414	Ferris
6197	Kerry
5946	Elaine
3732	Isaiah
2663	Forrest
4854	Xander
8368	Alfreda
9215	Fritz
2437	Giselle
5338	Sophia
4125	Rahim
6177	Baker
2564	Cruz
9983	Isabella
5336	Jackson
6750	Jason
8825	Chelsea
8955	Britanni
3162	Dominique
9050	Julian
9200	Alfreda
7694	Calista
3721	Caryn
1958	Peter
4502	Miranda
8904	Hunter
5242	Selma
7084	Coby
7608	Harper
2385	Orson
3213	Fulton
3032	Maisie
3278	Camden
9097	Nyssa
1222	Adam
7775	Hop
2352	Chaim
1754	Walter
4402	Phyllis
2103	Herrod
4541	Hayden
